ActorID,ActorName,Gender
BCE9779A-359A-4C6C-9A86-0002C90ADE76,Daniel Norris,M
92E9CDEA-AED3-4725-B477-01CD18B1B08F,Eric Lemon,M
B41263D5-2215-498D-B984-01FF6DDA9887,Barb Busey,F
9A37F984-14B3-42C1-A179-02BDC8413EE9,Simon Jones,M
357D0CB4-F345-4954-A27C-03809B2EFD6F,Freida Pine,F
71BA7889-7352-4DA1-86A6-042C8ED17759,Danielle Morris,F
47EAB217-ADB6-45BB-A815-050F9D52F3A0,Greg Wayne,M
25EAB9F8-6BCF-47B5-B553-0529699F8131,Hank Adams,M
7424DA78-AC5F-4A84-A6F8-053A25006D89,Peter Norris,M
DB6AED02-DBE1-44BB-81F0-05C018C7129D,Les Goodman,M
9E086F65-032B-4C12-8FB2-06ED5ECF82AC,Frank Smith,M
3D91DC16-4CF5-45BB-BBEB-06F2D11A0132,Barb Smith,F
360AA062-303A-4ECE-BE3B-096870C600F5,Jill Adams,F
F148B3CA-4C63-4AAD-A58F-09786254DB16,Thomas Goodman,M
A8CE4E2D-2E41-49BA-B067-09F9AEB79389,Lisa Ray,F
78A487CB-64F0-4190-AE39-0B620E9E4246,Bill Pine,M
5B14B970-1360-4CAF-8821-0BD866B9552B,Priscilla Smith,F
634D5B12-86CE-4C81-8720-0BE17C1C4D90,Daniel Vale,M
3F3D8D4C-0665-43B1-B832-0C0531482BAF,Barb Adams,F
61276938-FB11-40F6-96C3-0C10FFE8A33A,Les Davis,M
1E8AE8B0-A370-49E3-8543-0CBF920ABB13,Andy Jones,F
41B9F789-8E07-4C6D-B671-0CC3206849F4,Madeline Goodman,F
807181E9-FD76-498D-BF81-0DD9FB8F57B6,Trudy Norris,F
E943BC0F-E540-4517-82AD-0E2B9853443A,Andy Smith,M
B02F5769-C1DE-4DBE-A5C6-0E90AB35F0DB,Mark Adams,M
B3E322F8-AB6B-4E5C-AF3D-0F0AF11A3D1E,Jill Ray,F
AC481A65-AF77-40E2-A1D2-0F3978B1D9DF,Greg Adams,M
6B685948-F0CE-4140-A6BF-0F8CE0F63CA0,Danielle Jones,F
F35CCB26-CF74-4B00-A5D8-0F8FBEC3650B,Eric Smith,M
5239CD4B-A11F-4FA2-A4D5-105C13A817A2,Daniel Adams,M
D7136836-7EB7-4478-9B4D-10B0E661DDD6,Charlie Davis,F
650F5532-7003-4FF3-B5A3-119CC3A8478E,Sally Smith,F
DC143C7A-07FB-475D-9FD1-11A27FCAEFA0,Jill Jones,F
36302D80-83F8-4546-B4FD-13594627B1E6,Mark Davis,M
D3FF6C5D-4A86-43C2-9304-13E6DBCF25D8,Jack Vale,M
E0124F20-7561-46A4-B614-144700F97635,Thomas Pine,M
59CC663D-0522-4AFF-94D1-15376D59390D,Elise Lemon,F
BE8BA47A-0F3A-472E-8DE8-169238344B7B,Danielle Pine,F
3D5302F5-9461-4067-A864-16E21FB32F5A,Madeline Morris,F
FBAF5816-9070-4887-9D32-17269851410F,Elise Norris,F
FB453B0C-4700-4519-BF5E-173DE4BDD0C2,Jack Busey,M
F1D32414-E033-4733-90B7-17B86B7CF98F,Hank Davis,M
B06F4B4D-B90F-4466-BA01-197DB5B65FAF,Barb Davis,F
8080781F-DCD7-4391-BEAF-1CB2993CEF04,Danielle Goodman,F
54B32A25-07E5-4848-8427-1CCEB885AB63,Danielle Vale,F
9415FB5C-C791-42CA-932C-1CD6286E11D7,Freida Goodman,F
8D4BB043-287F-40B4-B0F5-1CE76F8C6D5D,Greg Lemon,M
726985E7-2521-4BCC-9466-1D08A29F6D55,Greg Jones,M
F4E0EF91-61B2-401F-ABD5-1D9D30FB79DA,Charlie Lemon,M
BBEF8A06-E956-4815-B8E6-1DC86A8358FF,Charlie Carter,M
645DE20D-0E4D-4091-BFCF-1E1B92D8AA7A,Simon Lemon,M
5DFE0C81-F896-47E0-BFA0-1EC223AC71EE,Jack Davis,M
B47715EC-47B4-46DC-B57C-1F950C77E135,Jack Lemon,M
BD1D12F3-447A-4DE1-8ADA-202B912B4076,Frank Carter,M
DD41ED93-F085-49D8-9B8C-208C6AC1E875,Elise Vale,F
B6F4A057-91AC-4E25-8FEE-20D1042D96C2,Freida Ray,F
AF790D88-2697-47D5-B28F-20DE2343F396,Freida Wayne,F
8453D117-D6AF-4138-9AC7-21D02933B1ED,Eric Goodman,M
32DE7722-1B58-48B0-B412-22257C9DDD5A,Les Norris,M
D6E00F74-3BA6-406D-A0F4-227AF0A1E4E7,Thomas Busey,M
134B934D-7A0F-422D-B358-227C23A1B50A,Cameron Carter,F
BE580092-2858-4B27-8CE8-22AE6F3EC93A,Eric Morris,M
B391DDEB-DD1C-42D7-A90B-23B760BEF299,Cameron Busey,M
B62B3BF8-5737-4FDF-9650-246193BBDA15,Alice Norris,F
B779508E-37CC-48F4-A66A-25B58B48F7A4,Gillian Lemon,F
2056B535-9F8C-4999-9151-2623ABF80FF5,Charlie Busey,M
6CFB6970-62C2-4E62-AC44-26AB1231E327,Simon Morris,M
93A6824E-4AF7-41B0-B1CF-27ED02F5F2EB,Madeline Pine,F
A333FC4D-BFCC-4765-873D-29976E93FAB9,Hank Lemon,M
EC6F7956-7535-4549-8541-2A4AF54CB84E,Jack Morris,M
6FFF5922-5D40-4642-8428-2A6C912A3D12,Daniel Wayne,M
58B4BC79-C45A-4B2E-8847-2AD6CB5EA743,Madeline Carter,F
4CD53727-DCAE-40AE-ACE4-2CBBF9759A53,Lisa Lemon,F
7C2E1C4B-16E0-4420-B57A-2D501DF81919,Gillian Davis,F
20848A26-DD56-424B-ADC2-2E1AF11D7A5C,Elise Davis,F
9092C4CF-D4D4-4A9A-B25C-2EA99CE017AD,Charlie Adams,F
D15354D8-C676-4074-B2A9-2EF6F75338F3,Alice Davis,F
71329AD1-62E1-415A-B45B-2FEAF61EB6C6,Gillian Wayne,F
73410713-445B-4566-A592-302A1AE9A062,Jill Lemon,F
126ABBF0-F199-46D3-AA86-304D06940C09,Henrietta Goodman,F
5FC1052D-0178-466F-B98C-30DD6EFFCA1E,Eric Adams,M
A27AD677-86FB-4F0B-90E0-3103AC8B6613,Daniel Morris,M
80EE1610-31A7-401F-B106-32C4F0DAC40B,Simon Smith,M
A0F394B5-68D5-4A49-8069-32F66A24092A,Priscilla Goodman,F
F5E9A51B-B44C-45D0-ADE2-330C01A344FF,Cameron Pine,M
CC88FF1D-A5E3-4E66-AA36-343D35A10407,Bill Adams,M
59AC9734-CB65-4F53-A81D-34B14AA11057,Danielle Davis,F
0C77FDAE-1B41-4A81-8F01-35D1B0837B09,Alice Vale,F
52C1EA73-CFAF-4447-8603-36862B164DAC,Freida Carter,F
1BB5717C-4D39-41BA-BCC0-37B770298F17,Eric Jones,M
1FC0A79B-223A-4D05-A620-37CA2CB6FDBE,Charlie Ray,M
3CD937D7-571A-464D-8196-3995E581A043,Bill Wayne,M
8F16CF70-A4E4-4E7F-8365-3A3CE58B07E8,Madeline Adams,F
CA2B97CA-B248-4028-B82D-3A3E273E7825,Greg Vale,M
88C51341-9759-4963-9D54-3C1A4F2718B4,Elise Goodman,F
94784606-E21F-456B-B59E-3C6A4AA86AD5,Alice Lemon,F
8201483E-5C53-48D6-84FE-3D9CA4929D79,Jack Pine,M
BEA81460-BD7B-4BF2-B5A3-3DC6640B6C8A,Priscilla Adams,F
3767092E-5C07-418E-A7F3-3DD14F8FE78F,Thomas Morris,M
07EC58DC-2944-41EB-AE2B-3E537AB5F20B,Simon Vale,M
AF996519-7A78-4A21-A24E-3E9F243794D6,Alice Morris,F
845C5F19-E962-4892-B997-3F273E792890,Daniel Smith,M
33198419-6E5A-4D9C-A0D1-3F339DBCD889,Henrietta Adams,F
78AE997D-4314-4DCD-9B3B-3FD2AC7947B2,Jack Goodman,M
9B666146-E91A-4F4B-8D80-4068B691E284,Elise Adams,F
1D2317A7-AD15-4355-86D0-407B73FDB981,Greg Ray,M
30F6948F-B3CC-4048-91DB-408CDFBBF2B4,Henrietta Wayne,F
6CE53EB4-5951-4147-943B-42719A5DC4A7,Priscilla Norris,F
421A438D-880C-4D77-8C54-4389B2DFC75F,Frank Goodman,M
CFA73278-E6FF-4D7C-88C5-44A474144B73,Gillian Goodman,F
0B24D357-032C-45F7-9BC9-45F33BE42B2D,Frank Morris,M
0E35EC7F-A293-4C28-B8A0-47A63A010E07,Priscilla Carter,F
5C45FCE6-1BAC-4B83-AD9D-47BC57715B4F,Hank Jones,M
2891CD58-F16E-4B1B-BC7D-47BE33441553,Trudy Wayne,F
6C5CC297-4D8F-4504-AD46-4856251601F8,Frank Jones,M
5C66A2EA-DC1E-4637-BF45-485AA56D3C54,Simon Davis,M
E7B552CA-9BE7-4CA5-96C1-48701380B9B5,Peter Jones,M
60C42776-415A-4369-A0FB-48DF5DE6F3C9,Charlie Morris,F
17546C57-22A4-42DB-95AF-49112640E742,Gillian Busey,F
B8522F95-A699-4F1D-B77C-496ABCF5D1AC,Barb Morris,F
A840D7D9-BF16-4951-92E6-49775BA8BCD6,Daniel Carter,M
116DB1DF-89AE-4E40-9E2F-4B34411F6AA4,Daniel Busey,M
563B1B66-8A49-4D5B-B3C0-4BD4F494CA56,Charlie Pine,F
C64E22F1-D16A-40FD-92EF-4C1379F36186,Simon Busey,M
2869BB5F-5524-4372-816A-4C37292A21D5,Cameron Norris,F
402379A3-2E36-42F4-9C75-4DE455D10C5E,Charlie Jones,F
4BFAA2C9-F4BF-4F46-9AE3-4E1DB3ED4F10,Eric Carter,M
987E2485-1440-452B-85AA-4F5B3AF0093E,Mark Vale,M
AF6B2BA8-4D75-42F3-A587-50CC97622102,Thomas Adams,M
A30FED73-444D-4FEB-9C08-515BED79B39D,Barb Norris,F
D5DA90CD-F1B5-45E0-A588-5279CB793090,Barb Jones,F
8C20DE8B-ADB6-4344-85F5-53947A7AFBB0,Madeline Jones,F
85031466-7CF9-42A2-B3DA-54C0A10A26F6,Peter Busey,M
C6FF5DC6-34A3-428E-9234-5533DD4BC3BD,Peter Morris,M
E3FE7458-7B69-4038-AA41-55569261439B,Barb Carter,F
4E541117-D21D-4707-B546-559855D0313F,Simon Pine,M
A4510355-70FB-4DE6-BA06-572B03EDCB76,Henrietta Smith,F
217FB720-9AFE-443D-A620-5750564E944D,Lisa Carter,F
59566A82-726D-4671-AA79-584B5406F8F1,Frank Pine,M
BE980C80-5EED-4833-B96A-58AE613104B8,Gillian Carter,F
29ABD6B7-CBB5-43D8-B734-59284A9AE9D3,Peter Wayne,M
21DD8F67-7C8D-44E6-BD7A-59DB01464291,Elise Wayne,F
8D5C0754-B918-43A4-B786-59E4EDC19D98,Hank Smith,M
27BAAE5D-7D0A-43E8-9B60-5A91AA254F00,Cameron Wayne,F
CBF26099-0824-43D6-A41A-5CAC25A8B030,Trudy Adams,F
3B8F6C96-0056-4244-8491-5F068B6753EC,Danielle Adams,F
B1EDBC94-A63C-445A-99B1-5F33A4ACC41A,Andy Pine,F
481BD2A2-287E-4125-A9EB-60D06BA772F0,Jill Vale,F
1B97DBBB-1F08-4FDE-9D3A-6115ADA0B03E,Bill Vale,M
75639568-5204-4CEA-B55A-615E08E56DB9,Cameron Vale,M
970337A8-F91C-4263-8178-62DC506C30C4,Henrietta Jones,F
FE780A42-240E-41FF-9E14-636D37C79DA7,Priscilla Morris,F
392A82A9-1E2F-49E9-94F3-63AB1EF4EA2A,Daniel Lemon,M
2F7D1E1E-246B-4209-871D-645DE9FC8EC4,Freida Davis,F
7165F16C-3036-4583-AF40-6527989CDD3C,Andy Carter,M
79106DE9-B044-4BDC-9F8C-6667B970BFF5,Barb Ray,F
7F16530A-389A-4863-8E27-676D598A0D87,Freida Lemon,F
46BE499A-5E2F-46CA-9E99-676E9A70EF05,Peter Davis,M
7BAA0466-B517-47E0-97C2-68C7659FD201,Lisa Morris,F
3E08868E-19BC-44A7-9A6C-68D8B951FF08,Gillian Pine,F
EF9F9231-D750-4AE5-8693-697C63F39B5C,Frank Wayne,M
296E5343-F43E-4237-917B-69E549949D34,Frank Adams,M
A0A4F1EB-0648-407E-9BC3-6B49741FB7FF,Elise Ray,F
CD12A30C-8EB8-4893-BBF5-6D791287C977,Sally Adams,F
2FEE48B3-5A1F-453C-8722-6E8283C03931,Gillian Jones,F
D80F892E-1E9B-4E11-892C-6F6390552A7B,Jack Jones,M
C8628207-36EE-4EDD-8070-6FAAF35C109F,Peter Adams,M
36AC41B2-3ADF-4F6F-BFF1-6FC3D23B4BE9,Les Jones,M
9C6AF28F-AEEC-4138-9806-6FCA8197E81E,Danielle Smith,F
66EB9647-A0F2-4B57-8748-7029023E7049,Mark Lemon,M
24DEE8D7-482E-46C7-9B26-714A8205126E,Andy Busey,M
B4784790-2E06-4130-A209-72943A5278A5,Daniel Goodman,M
A3510634-E8AB-4F24-AC77-7404593340F5,Andy Adams,M
0EAEE64C-EDD6-48C0-9A9A-75283187671C,Madeline Ray,F
8011FC20-3ABE-49EF-A870-75D26C1D3ED3,Mark Goodman,M
DA817F1A-9CC6-4E97-B3C6-75EEA7751EF7,Thomas Lemon,M
BF76FEA2-23E1-4FAE-A510-762BC41B458A,Jill Wayne,F
22055732-E20E-4059-8BE0-77C223EC4E8D,Sally Lemon,F
98EB92C2-7A2A-41AD-9F69-7801164805DE,Priscilla Ray,F
BE18E6CD-508E-4CC1-BD86-79C53A9875B5,Elise Smith,F
C754CDA6-3A39-4404-B29F-79CA8E25EC16,Sally Morris,F
22BF4CCD-C034-4957-814D-7B9915484812,Bill Busey,M
CB17145A-BC0A-4102-87CC-7BCC410FDE85,Alice Smith,F
6F61F270-FC55-44A6-9A82-7C6C507FB5FB,Mark Ray,M
CC183B44-5AC7-4F5F-9A05-7C950101B7A2,Cameron Lemon,M
482B633F-8AAA-4837-BB71-7CED50142AB3,Henrietta Pine,F
63BAF36A-3FB9-410B-9E95-7D829F641CD5,Eric Ray,M
12162BCA-6C1E-47F5-9143-7D841BFF05C8,Jill Goodman,F
0070BB37-CE7F-405A-9B41-7E0D9E055E14,Priscilla Busey,F
2496B7F7-D1F3-4E46-8546-7F3AAD2159C6,Freida Norris,F
45A31208-A572-4EF1-8E04-7FC253B5687F,Peter Goodman,M
680A1601-0C06-405A-92DE-8014488F9DD3,Gillian Adams,F
8F7C60A8-54B5-41AE-A5B0-8056386B1AA0,Frank Ray,M
1BCF01E9-7703-4ABD-97E0-8092D25078E5,Les Pine,M
525120EB-EEDA-4313-BFB6-80A468CF53FB,Andy Vale,F
9726D17A-C661-4C0F-BCC2-829245D4FBAB,Eric Busey,M
40021B24-1DA3-4D9E-B2FB-8308EA30B28A,Andy Wayne,M
1A0CA0D4-712F-4CB6-A3D8-83DFEE6A7941,Greg Smith,M
159CCBC6-028A-4DDB-81C1-83F712CB6E61,Trudy Smith,F
66F65CD9-12F7-4CEC-B814-85310552C5C2,Andy Davis,M
DD9AED27-865D-4313-B613-855642C31BB2,Alice Goodman,F
91FF1291-B0F7-46DD-89EE-85C9487FD55B,Simon Norris,M
A07F29E8-914A-4098-809B-85D2B39F7C0F,Thomas Jones,M
3BAF9606-7931-4F34-B77E-862A461FD7F5,Hank Norris,M
2689A4A6-D45A-4C6E-926B-86B0906731CD,Sally Ray,F
6F24A5BF-4FE0-41C7-AD7C-871613F5ACEF,Trudy Carter,F
D1A78915-EDE4-4BD9-9563-875B44EDF78A,Sally Davis,F
162AE7ED-09BD-441C-B934-880A53B120A7,Eric Vale,M
91670805-3EC4-4711-AB29-883F1D400EBD,Trudy Ray,F
3D499D40-285D-41D0-B6F7-88DB5CDA3244,Andy Norris,M
209F57A4-8D88-4CAE-8B18-895C01E092EF,Danielle Carter,F
D829F6F8-C06A-48C7-97A6-89AC0BB2978A,Barb Lemon,F
2B4DAC23-5A50-486D-841D-8AE1660DAF99,Elise Jones,F
C1526BB8-899A-4B3C-A4B4-8B07BD29BCB8,Alice Adams,F
39D3442C-C767-41BC-896B-8BC53B8C644B,Mark Wayne,M
8A24E2F7-E8EB-4647-9C2B-8C3DD075B3D8,Elise Morris,F
19A13CC2-C8DF-4022-BB0B-8E41349FDDEF,Thomas Vale,M
0C6CBE6D-9966-4D8D-B193-8E45C84186CE,Hank Vale,M
75925C0C-112D-4BB5-8037-8E570A1FD8C3,Lisa Smith,F
6E359D04-5367-4338-98AB-8EBF2501BA67,Charlie Norris,F
6DE633D3-7073-4BD2-8E53-8EF2484AB453,Priscilla Pine,F
88D2E306-9555-4226-88F7-907D0695B035,Bill Jones,M
114FA450-8B5C-4227-B24D-916C6EB4FD14,Eric Wayne,M
28B3ABE4-8699-491F-B80B-93A8B034F571,Madeline Wayne,F
2AE6E6B8-CCB7-4D51-A65B-93E1E1F58797,Jill Smith,F
20A6B672-98DF-4463-B24A-93F24EF6ED33,Freida Adams,F
FBE51F15-9BC5-48D4-B355-941E4ED006A3,Trudy Davis,F
88006542-25D1-485B-8B34-950537C57928,Lisa Adams,F
1A4E5067-6A63-409A-9542-955F0A5F4D05,Priscilla Davis,F
81C9B84F-9697-4094-A444-964C2E75D4A0,Jack Ray,M
FAFCA5D5-9FEC-4E17-87E6-96E5F8723FE6,Eric Davis,M
F99AF429-E500-4945-ADD2-96F85F7F3E10,Mark Busey,M
07035345-2AFE-40BE-B3F4-97101A052A0F,Trudy Morris,F
59303B02-C8C8-46F6-B230-98C809D4433A,Charlie Smith,F
3797D28F-37DC-40B9-8F8C-9993F8A5A2CD,Bill Davis,M
5409E743-2501-489C-B122-99A8B1BE7E1A,Les Ray,M
247AAA7D-ADFC-4C7E-826B-99C0122AA034,Cameron Adams,F
67C2EF91-9910-40FE-8220-9A7586D82A42,Sally Vale,F
81EA504B-36C7-48E2-A74D-9A7933B26030,Henrietta Ray,F
CA2649B9-AAA4-4500-80B0-9BDCE34F27BA,Daniel Davis,M
970DF43E-6113-4E27-97E9-9BEF104E8664,Bill Smith,M
B2A904E6-CF2B-4665-8AA7-9D5929365C75,Peter Lemon,M
D341972A-CB7B-40B7-97F0-9EA388362BD2,Lisa Jones,F
FE85EBEC-95A3-41C8-9696-9EC88A00BC87,Henrietta Lemon,F
38E9652C-332E-4C0E-BA5C-9F7E3B122E1F,Priscilla Lemon,F
C2E4472E-4EB9-442B-9FA3-A080DB2A559D,Andy Goodman,F
118A4B4C-F5C1-4089-A0FF-A0858CA0F0A4,Jack Norris,M
3CCC71D4-689C-4A6E-B0CA-A094D1B2CA4C,Bill Goodman,M
43A220E0-5DA6-440B-850A-A0AF701DA193,Freida Jones,F
BA6C8C1D-F31B-41A7-8C5A-A0C1E83CA215,Thomas Ray,M
46D751A7-6C03-421C-9FC1-A2E02C932A6A,Simon Carter,M
8190DE7D-CF2B-468D-ADC0-A32180D7EAA6,Lisa Vale,F
3C1C8DFD-3C56-4922-B4BA-A3BE4AE0D8DE,Frank Norris,M
022E90A9-FF03-4EF8-BEB8-A3C3B8B2D6BA,Bill Ray,M
D92E52D6-49BF-47F6-A287-A412C5F93FA8,Les Lemon,M
336C1B31-1380-4550-8BAA-A4840F8C732F,Greg Davis,M
77054FE8-DCB5-4DFC-BFA9-A500789127D4,Greg Carter,M
65701FE0-2D0F-404A-B6B5-A51CC875A34F,Cameron Morris,F
17845358-2924-4885-ACDC-A5247E31861D,Jill Busey,F
0DEFC535-2307-44B8-9629-A554C376D81E,Andy Ray,M
489807B9-0AF0-41DA-A0E5-A74CFEAE700C,Madeline Davis,F
0CC086D0-8019-4367-BCF2-A7A4018AC824,Charlie Wayne,F
D29930B6-971A-4C6A-9C7F-AAF6C6A77ECB,Frank Vale,M
C2E4FC13-9CD0-4ED0-82D7-ACC6D9C4AD22,Lisa Goodman,F
2C5C7BE2-6CD2-4E34-976B-ACD9EABB5C88,Henrietta Carter,F
19AEB430-450B-437F-ACE0-AD9D1287A9F6,Charlie Vale,F
B15DA27E-ECFA-4791-ACD9-ADC802ABA458,Madeline Vale,F
7027F20C-7E6E-4191-83A6-AECC7F2B4021,Henrietta Morris,F
96B6F261-C4D5-4F37-BE2D-AEDA2BF2B07D,Simon Goodman,M
33245097-9FFC-4CB4-A866-AF165EC82F19,Les Morris,M
E4C24A8B-23F4-47D5-9EE4-AF20B56F4AF9,Andy Morris,M
10A48FD5-C974-47CC-A352-B052784D2565,Greg Pine,M
AC7AE326-4074-4F24-BED4-B0A0BC035E04,Les Wayne,M
42A642C6-0461-4124-9948-B0A44808D156,Mark Carter,M
30736BBF-C00B-4408-B0D7-B10587E3D8E8,Madeline Norris,F
BD6F48BA-44A7-4BD8-831F-B181BED0AFF4,Madeline Busey,F
18D98AC8-EDAD-4FA8-A296-B19B95B2F334,Peter Pine,M
C8324D4C-A8AA-4CBE-A1AA-B467ED378F33,Lisa Busey,F
6D2FB45E-0258-49BC-86F7-B62D0B315951,Simon Ray,M
AB08C8C4-1E44-443A-B2A5-B63360B5D2B8,Peter Ray,M
FFC6236C-E158-45AA-A4DA-B692BBB39830,Cameron Ray,F
E18FF59E-1FFB-496A-88AB-B863528748B1,Thomas Smith,M
6084ED61-1EDA-4412-A196-B9FFAF963F63,Greg Norris,M
A4080C3B-97B4-49B8-A112-BA4F49E45296,Danielle Lemon,F
3B8B7056-93EE-4964-A2E5-BAAEFCDA9268,Trudy Goodman,F
BBDA2556-FBC7-4E82-AB23-BB0521774AB2,Hank Ray,M
55F5F57A-0F0D-47F0-861A-BB1857BD8A59,Bill Norris,M
DB4C3C88-E93E-47BE-A8DE-BB2335F710E0,Lisa Norris,F
F91FABFE-D65D-4678-A0BC-BB7F7A8F14AF,Sally Jones,F
28AFA60E-7665-4237-A7C0-BC38AB80E809,Cameron Goodman,F
ABA77CD1-CAAD-4BC9-8CB0-BDA17E613034,Alice Pine,F
F4B9A042-B979-40C7-A21D-BE57131DA2C0,Jill Norris,F
95C02D77-BDA7-44F9-83AF-BE5A14117DFA,Priscilla Vale,F
68E54EF1-14A0-4C28-BC68-C00FB3F12825,Eric Norris,M
BBB506B8-3860-42AF-822D-C093426267BD,Elise Pine,F
88E1E404-DD0A-44C2-986C-C0982A309232,Lisa Davis,F
CED266AD-A991-4361-93EA-C2C1AC2454C0,Greg Busey,M
8499D25C-FDFC-4D07-AC37-C4C155C2071B,Simon Adams,M
BCE8E56E-26E1-401B-8625-C5625D8D1B3B,Frank Busey,M
F5CA91FA-4049-4B3F-93CC-C5B775C3E341,Thomas Norris,M
30C99D68-6499-4F33-A503-C6DE970ADD2C,Madeline Smith,F
3B89B0B7-8279-466B-92B4-C7A4527B5DF5,Jill Morris,F
C25674F2-66EC-4587-8B60-C7EDB340092E,Jill Pine,F
E4B06096-C047-413C-AE44-C82E66E1935E,Gillian Norris,F
1D443EB7-8FA6-4041-95B8-C872085E8A01,Jack Smith,M
20EEAB83-F965-4860-8A15-C91C0E5D64DF,Alice Carter,F
68E08CD7-FE4F-405F-B210-C9432A6D3BE2,Hank Pine,M
66CBA5D1-C943-40F7-8D3F-C9A1259876F8,Les Busey,M
5C5BBD5D-B83A-4DE0-B60E-C9B87C884F2E,Priscilla Wayne,F
AE5E3D19-3817-4C50-9E34-CACC8BD99E27,Simon Wayne,M
7429DDF8-265E-4479-BB5E-CB126CCA74F0,Daniel Jones,M
727C4575-FA04-44ED-8CEF-CB947C5B4CFD,Andy Lemon,F
AB5C6D12-B0D0-476C-8C97-CE68C0AD7F2D,Cameron Davis,M
C3A74BC7-C2C5-4739-B435-CEC2C4E47999,Mark Morris,M
F7848438-4C50-4910-9756-CEDA28360E3E,Daniel Ray,M
CD263825-B137-483C-84E2-CEED87984649,Freida Vale,F
2A313835-45CB-47E1-B4F9-CF67C10E12F5,Mark Jones,M
95F89583-7F55-423D-94B6-CFD1D1672050,Alice Jones,F
0A84FAC7-A0CF-4C04-B1B8-D032F9AF47A8,Frank Lemon,M
D1F2BF66-0FC0-4EB7-8C9A-D0D0485B6DEC,Mark Pine,M
6AEF0209-A412-4562-8048-D1F266342AA5,Danielle Norris,F
28E2F569-D0E8-4964-8FB7-D3A4CD184269,Gillian Smith,F
3911525E-DBBE-4266-8E70-D3B518FB6277,Barb Goodman,F
6CE30E84-F1BF-4ACA-BD70-D5B263575F5A,Barb Vale,F
6319CE31-1F55-49E4-8440-D5B9378CE2F5,Sally Norris,F
BEAE3C9E-7132-4A8E-AB6B-D6587B2AF5EB,Priscilla Jones,F
68DA7C07-241D-447F-8B09-D69FBB07A7FB,Cameron Smith,F
76FB9DF7-6A8F-4518-B28F-D7173AF72175,Les Carter,M
35258D08-F63B-456F-AEB8-D7F656343137,Henrietta Norris,F
3B5C3B07-B1E6-4263-9223-D82923BBB3E1,Henrietta Busey,F
42DE8962-3212-4965-8CA8-D8EA61F86ABB,Les Vale,M
EDE9528F-75C2-4B3A-8D63-DA269FA8C8E5,Jack Wayne,M
D0BBC5FC-C09F-4B63-8FC3-DA540E07326F,Sally Carter,F
04C48D00-76A6-4314-97F2-DA995D5B70D4,Trudy Jones,F
13C593D0-92E9-4AE3-B11A-DAF1AD599B9C,Barb Pine,F
2A84ADF5-2DD8-4AAB-8D8F-DB1202A360FC,Hank Goodman,M
D0076A53-6F8A-453B-BD86-DBF2B0118706,Henrietta Davis,F
897AE55A-E917-47C0-A6B5-DC31CCA530BD,Hank Busey,M
0FE2B14A-E877-4E9F-BED1-DDBEA11F8AEE,Freida Busey,F
868C3100-C8FB-4615-ADDB-DDF2016698C2,Frank Davis,M
7910C87B-D7DA-4D70-902C-DE27B95883C0,Thomas Wayne,M
86FCD813-8D5A-4674-A2CD-DFA8C93901E9,Trudy Vale,F
4AD96B8A-C6D1-46F2-96BE-DFFD561875F8,Daniel Pine,M
1D5719A1-ED7B-4FE7-8784-E211190C8CE0,Madeline Lemon,F
25595CDF-E7E6-4C63-A5D2-E2562DDC205D,Gillian Vale,F
7149F3A9-1F69-476A-8BB8-E327B2CCC667,Mark Smith,M
CB2C7187-7F1E-4CA7-9DFD-E502CBA57D4D,Trudy Busey,F
C9417902-7D3A-4FA3-81D2-E5D0E4A6EE1B,Elise Carter,F
5554B9D2-1337-41BB-93E1-E5D600838CFB,Peter Smith,M
84C74C14-EE2E-44FF-A67B-E6550AA195A5,Greg Goodman,M
968CB4E9-A876-4772-A840-E684184B966F,Bill Morris,M
52B67488-F38F-4840-A36F-E6BFFAB73D95,Alice Busey,F
5A0CB3C4-EB49-4F78-86C1-E79ECFBB01DB,Greg Morris,M
B7775502-2301-450F-8368-EA8808C349C2,Charlie Goodman,F
763D81B9-7066-4C34-8DB8-ECF2301F42D8,Lisa Pine,F
A96D3004-BEAE-464F-A472-ED2F8C6A3D66,Elise Busey,F
85418335-9030-452F-853C-ED8C7259DD6A,Barb Wayne,F
5F8BAA1E-FEC2-4E63-8463-EEBF47B7EA9E,Danielle Busey,F
0AD480C9-EE5A-4147-9E67-EED7E5559508,Danielle Ray,F
06EA517E-ACC0-4602-A4AE-EEE25538E741,Sally Goodman,F
77A3C564-706B-4601-97D0-EF6ECCF19ADE,Hank Carter,M
82AA131D-C092-47DC-8723-EF9B722484D3,Trudy Pine,F
52768F70-CA61-4E5B-8CA6-F024BB3C1215,Mark Norris,M
4A066BE4-E6A6-473C-B4B8-F115EE5BC86B,Thomas Carter,M
53E64504-9BE5-4F84-92EB-F1C5F932599B,Eric Pine,M
51509245-A0E6-4AA4-B2CF-F278285F57A5,Bill Lemon,M
3ABE3EEB-7D53-4B9F-B2E9-F43593A0BE81,Sally Pine,F
F7EE7340-0614-4541-BACA-F4A73AB3B5A6,Bill Carter,M
9A2380C3-960A-4854-89FA-F63FC5908192,Trudy Lemon,F
126CD0A5-0245-4370-8F92-F6CAC1D307AA,Jack Carter,M
CE65DAF6-1BF6-4663-8D8A-F6FF3C581C02,Alice Wayne,F
870B1713-7B52-44F1-A532-F733F3CB763D,Thomas Davis,M
6E1ED05C-4B47-4D2E-9F79-F7CA4507346D,Sally Wayne,F
FC6B4554-278D-43FB-B3AB-F7DA3F11D0A7,Gillian Ray,F
FED59194-C8C1-47BB-A1EA-F81B67B3AA3C,Hank Morris,M
BF1F16D9-AFB6-4F9F-A7C6-F860D5A84FB1,Freida Smith,F
C5032950-82FA-49F8-93FA-F8DFFC0BB043,Jack Adams,M
6DF08E19-9274-4CE7-B509-F8FF466C380F,Gillian Morris,F
074C12EC-05C2-4290-839B-FA7E7EC44A14,Sally Busey,F
F6604125-ACDA-47B1-A3CE-FB4A609302BD,Jill Carter,F
23DC44AB-FA8F-41EA-B288-FB86CCCD91A2,Hank Wayne,M
79A8E659-EBFC-4391-BD88-FBFE6FDE5172,Jill Davis,F
C4492B2F-6B2D-47AF-B600-FD3E642749CE,Henrietta Vale,F
340C1221-36D5-42BF-93EB-FD4FC58FCB59,Les Adams,M
72494753-0D38-44F4-8921-FD54197B7BDB,Alice Ray,F
A75B496F-275B-4435-B9BD-FD98C8EDACA9,Lisa Wayne,F
273F8E11-BC0C-43AC-A747-FE3A971E0E06,Danielle Wayne,F
9CDA1FA5-3B7A-4BA3-942A-FEA5F8EDEC12,Freida Morris,F
71E7CD70-6214-41FE-9C1E-FEAFA30B3396,Cameron Jones,M
7154B25F-2497-4A70-B68F-FEF339901921,Peter Carter,M
7149BA94-04F6-42DC-87F5-FF33EB8B0EFB,Peter Vale,M
235BEA80-04C6-402E-A6B0-FF40E6CA3D3A,Les Smith,M
